<?xml version="1.0" encoding="UTF-8"?>
<!DOCTYPE mapper
  PUBLIC "-//mybatis.org//DTD Mapper 3.0//EN"
  "http://mybatis.org/dtd/mybatis-3-mapper.dtd">
  	<mapper namespace="com.animalmatch.user.mapper.UserMapper">

  	<select id="idCheck" resultType="int">
		SELECT
			COUNT(user_uid)
  		FROM user
  		WHERE user_id = #{userId} 	
	</select>
  		
  		
  		
  		<insert id="addUser" parameterType="com.animalmatch.user.User">
		INSERT INTO user(
  			user_id, 
  			user_pw, 
  			user_email,
  			,
  			,
  			,
  			,
  			,
  			)
		VALUES(#{userId}, #{userPw}, #{userEmail})
	</insert>
	
	<insert id="addAuth">
		INSERT INTO test_authority
		VALUES(#{param1}, #{param2})
	</insert>

	<delete id="deleteUser" parameterType="com.animalmatch.user.User">
		DELETE FROM user
		WHERE user_id = #{id}
	</delete>	
	
	<delete id="deleteAuth">
		DELETE FROM test_authority
		WHERE user_id = #{param1} AND user_auth = #{param2}
	</delete>

	<delete id="deleteAuths">
		DELETE FROM test_authority
		WHERE user_id = #{param1}
	</delete>

	<select id="findById" resultType="com.animalmatch.user.User">
		SELECT
			user_uid,
			user_status,
			user_id,
			user_name,			
			user_email,
			user_address,
			user_gender,
			user_birth,
			user_date
		FROM user
		WHERE user_id = #{userId}	
	</select>

	<select id="selectAuthoritiesById" resultType="String">
		SELECT user_auth
		FROM test_authority
		WHERE user_id = #{id}
	</select>
  		</mapper> 